ipAddress,clientName
192.168.1.123,RaspberryPi
192.168.1.124,Alarm
192.168.1.254,Router
192.168.1.123,RaspberryPi
192.168.1.124,Alarm
192.168.1.254,Router
192.168.1.123,RaspberryPi
192.168.1.124,Alarm
192.168.1.254,Router
192.168.1.123,RaspberryPi
192.168.1.124,Alarm
192.168.1.254,Router
192.168.1.123,RaspberryPi
192.168.1.124,Alarm
192.168.1.254,Router
192.168.1.123,RaspberryPi
192.168.1.124,Alarm
192.168.1.254,Router
192.168.1.123,RaspberryPi
192.168.1.124,Alarm
192.168.1.254,Router
192.168.1.123,RaspberryPi
192.168.1.124,Alarm
192.168.1.254,Router
192.168.1.123,RaspberryPi
192.168.1.124,Alarm
192.168.1.254,Router
192.168.1.123,RaspberryPi
192.168.1.124,Alarm
192.168.1.254,Router
192.168.1.123,RaspberryPi
192.168.1.124,Alarm
192.168.1.254,Router
192.168.1.123,RaspberryPi
192.168.1.124,Alarm
192.168.1.254,Router
192.168.1.123,RaspberryPi
192.168.1.124,Alarm
192.168.1.254,Router
192.168.1.123,RaspberryPi
192.168.1.124,Alarm
192.168.1.254,Router
192.168.1.123,RaspberryPi
192.168.1.124,Alarm
192.168.1.254,Router
192.168.1.123,RaspberryPi
192.168.1.124,Alarm
192.168.1.254,Router
192.168.1.123,RaspberryPi
192.168.1.124,Alarm
192.168.1.254,Router
192.168.1.123,RaspberryPi
192.168.1.124,Alarm
192.168.1.254,Router
192.168.1.123,RaspberryPi
192.168.1.124,Alarm
192.168.1.254,Router
192.168.1.123,RaspberryPi
192.168.1.124,Alarm
192.168.1.254,Router
192.168.1.123,RaspberryPi
192.168.1.124,Alarm
192.168.1.254,Router
192.168.1.123,RaspberryPi
192.168.1.124,Alarm
192.168.1.254,Router
192.168.1.123,RaspberryPi
192.168.1.124,Alarm
192.168.1.254,Router
192.168.1.123,RaspberryPi
192.168.1.124,Alarm
192.168.1.254,Router
192.168.1.123,RaspberryPi
192.168.1.124,Alarm
192.168.1.254,Router
192.168.1.123,RaspberryPi
192.168.1.124,Alarm
192.168.1.254,Router
192.168.1.123,RaspberryPi
192.168.1.124,Alarm
192.168.1.254,Router
192.168.1.123,RaspberryPi
192.168.1.124,Alarm
192.168.1.254,Router
192.168.1.123,RaspberryPi
192.168.1.124,Alarm
192.168.1.254,Router
192.168.1.123,RaspberryPi
192.168.1.124,Alarm
192.168.1.254,Router
192.168.1.123,RaspberryPi
192.168.1.124,Alarm
192.168.1.254,Router
192.168.1.123,RaspberryPi
192.168.1.124,Alarm
192.168.1.254,Router
192.168.1.123,RaspberryPi
192.168.1.124,Alarm
192.168.1.254,Router
192.168.1.123,RaspberryPi
192.168.1.124,Alarm
192.168.1.254,Router
192.168.1.123,RaspberryPi
192.168.1.124,Alarm
192.168.1.254,Router